Calculator Type,JID,Defect,Defect Formation Energy (eV)
sevennet,JVASP-1002,vacancy_formation_energy for JVASP-1002_Si_Si__Si,2.652431655
alignn_ff,JVASP-1002,vacancy_formation_energy for JVASP-1002_Si_Si__Si,12.23679846
chgnet,JVASP-1002,vacancy_formation_energy for JVASP-1002_Si_Si__Si,1.658874299
mace,JVASP-1002,vacancy_formation_energy for JVASP-1002_Si_Si__Si,2.365011515
matgl,JVASP-1002,vacancy_formation_energy for JVASP-1002_Si_Si__Si,1.047413497
JARVIS,JVASP-1002,vacancy_formation_energy for JVASP-1002_Si_Si__Si,3.6685
sevennet,JVASP-1029,vacancy_formation_energy for JVASP-1029_Ti_Ti__Ti,1.714517058
mace,JVASP-1029,vacancy_formation_energy for JVASP-1029_Ti_Ti__Ti,1.759446295
alignn_ff,JVASP-1029,vacancy_formation_energy for JVASP-1029_Ti_Ti__Ti,-6.62153204
chgnet,JVASP-1029,vacancy_formation_energy for JVASP-1029_Ti_Ti__Ti,0.450439571
matgl,JVASP-1029,vacancy_formation_energy for JVASP-1029_Ti_Ti__Ti,0.818728754
JARVIS,JVASP-1029,vacancy_formation_energy for JVASP-1029_Ti_Ti__Ti,2.9426
alignn_ff,JVASP-105410,vacancy_formation_energy for JVASP-105410_Si31Ge32_Si__Si,3.51465536
sevennet,JVASP-105410,vacancy_formation_energy for JVASP-105410_Si31Ge32_Si__Si,1.384545766
mace,JVASP-105410,vacancy_formation_energy for JVASP-105410_Si31Ge32_Si__Si,0.792371325
chgnet,JVASP-105410,vacancy_formation_energy for JVASP-105410_Si31Ge32_Si__Si,0.532912428
matgl,JVASP-105410,vacancy_formation_energy for JVASP-105410_Si31Ge32_Si__Si,0.252602765
alignn_ff,JVASP-105410,vacancy_formation_energy for JVASP-105410_Si32Ge31_Ge__Ge,4.97974436
sevennet,JVASP-105410,vacancy_formation_energy for JVASP-105410_Si32Ge31_Ge__Ge,2.218772766
mace,JVASP-105410,vacancy_formation_energy for JVASP-105410_Si32Ge31_Ge__Ge,1.688545325
chgnet,JVASP-105410,vacancy_formation_energy for JVASP-105410_Si32Ge31_Ge__Ge,1.170755928
matgl,JVASP-105410,vacancy_formation_energy for JVASP-105410_Si32Ge31_Ge__Ge,1.178335765
alignn_ff,JVASP-107,vacancy_formation_energy for JVASP-107_Si35C36_Si__Si,10.5702976
mace,JVASP-107,vacancy_formation_energy for JVASP-107_Si35C36_Si__Si,5.805765682
sevennet,JVASP-107,vacancy_formation_energy for JVASP-107_Si35C36_Si__Si,7.302296865
chgnet,JVASP-107,vacancy_formation_energy for JVASP-107_Si35C36_Si__Si,5.959288767
matgl,JVASP-107,vacancy_formation_energy for JVASP-107_Si35C36_Si__Si,5.320234945
alignn_ff,JVASP-107,vacancy_formation_energy for JVASP-107_Si36C35_C__C,6.181323851
mace,JVASP-107,vacancy_formation_energy for JVASP-107_Si36C35_C__C,2.096497932
sevennet,JVASP-107,vacancy_formation_energy for JVASP-107_Si36C35_C__C,2.857299615
chgnet,JVASP-107,vacancy_formation_energy for JVASP-107_Si36C35_C__C,2.178296267
matgl,JVASP-107,vacancy_formation_energy for JVASP-107_Si36C35_C__C,0.287511695
alignn_ff,JVASP-113,vacancy_formation_energy for JVASP-113_Zr31O64_Zr__Zr,20.81991147
chgnet,JVASP-113,vacancy_formation_energy for JVASP-113_Zr31O64_Zr__Zr,13.27168495
mace,JVASP-113,vacancy_formation_energy for JVASP-113_Zr31O64_Zr__Zr,12.7550069
sevennet,JVASP-113,vacancy_formation_energy for JVASP-113_Zr31O64_Zr__Zr,15.83121106
matgl,JVASP-113,vacancy_formation_energy for JVASP-113_Zr31O64_Zr__Zr,12.08025573
alignn_ff,JVASP-113,vacancy_formation_energy for JVASP-113_Zr32O63_O__O,8.604713349
chgnet,JVASP-113,vacancy_formation_energy for JVASP-113_Zr32O63_O__O,4.999663704
mace,JVASP-113,vacancy_formation_energy for JVASP-113_Zr32O63_O__O,4.015191776
sevennet,JVASP-113,vacancy_formation_energy for JVASP-113_Zr32O63_O__O,4.163956562
matgl,JVASP-113,vacancy_formation_energy for JVASP-113_Zr32O63_O__O,4.246109481
JARVIS,JVASP-113,vacancy_formation_energy for JVASP-113_Zr32O63_O__O,6.3325
alignn_ff,JVASP-1174,vacancy_formation_energy for JVASP-1174_Ga31As32_Ga__Ga,5.21933285
sevennet,JVASP-1174,vacancy_formation_energy for JVASP-1174_Ga31As32_Ga__Ga,1.85077318
chgnet,JVASP-1174,vacancy_formation_energy for JVASP-1174_Ga31As32_Ga__Ga,1.271013141
mace,JVASP-1174,vacancy_formation_energy for JVASP-1174_Ga31As32_Ga__Ga,1.527079961
matgl,JVASP-1174,vacancy_formation_energy for JVASP-1174_Ga31As32_Ga__Ga,1.100049482
alignn_ff,JVASP-1174,vacancy_formation_energy for JVASP-1174_Ga32As31_As__As,3.83854285
sevennet,JVASP-1174,vacancy_formation_energy for JVASP-1174_Ga32As31_As__As,2.63529218
chgnet,JVASP-1174,vacancy_formation_energy for JVASP-1174_Ga32As31_As__As,0.800566891
mace,JVASP-1174,vacancy_formation_energy for JVASP-1174_Ga32As31_As__As,2.059644461
matgl,JVASP-1174,vacancy_formation_energy for JVASP-1174_Ga32As31_As__As,0.760130732
alignn_ff,JVASP-1177,vacancy_formation_energy for JVASP-1177_Ga31Sb32_Ga__Ga,0.856737292
sevennet,JVASP-1177,vacancy_formation_energy for JVASP-1177_Ga31Sb32_Ga__Ga,1.067879899
chgnet,JVASP-1177,vacancy_formation_energy for JVASP-1177_Ga31Sb32_Ga__Ga,1.021107849
mace,JVASP-1177,vacancy_formation_energy for JVASP-1177_Ga31Sb32_Ga__Ga,0.908205201
matgl,JVASP-1177,vacancy_formation_energy for JVASP-1177_Ga31Sb32_Ga__Ga,0.585099002
alignn_ff,JVASP-1177,vacancy_formation_energy for JVASP-1177_Ga32Sb31_Sb__Sb,2.154690292
sevennet,JVASP-1177,vacancy_formation_energy for JVASP-1177_Ga32Sb31_Sb__Sb,1.794265899
chgnet,JVASP-1177,vacancy_formation_energy for JVASP-1177_Ga32Sb31_Sb__Sb,0.922756599
mace,JVASP-1177,vacancy_formation_energy for JVASP-1177_Ga32Sb31_Sb__Sb,1.614689701
matgl,JVASP-1177,vacancy_formation_energy for JVASP-1177_Ga32Sb31_Sb__Sb,0.807207752
alignn_ff,JVASP-1180,vacancy_formation_energy for JVASP-1180_In35N36_In__In,5.853987545
chgnet,JVASP-1180,vacancy_formation_energy for JVASP-1180_In35N36_In__In,3.006799349
mace,JVASP-1180,vacancy_formation_energy for JVASP-1180_In35N36_In__In,3.835606274
sevennet,JVASP-1180,vacancy_formation_energy for JVASP-1180_In35N36_In__In,5.363808536
matgl,JVASP-1180,vacancy_formation_energy for JVASP-1180_In35N36_In__In,3.082150485
JARVIS,JVASP-1180,vacancy_formation_energy for JVASP-1180_In35N36_In__In,5.8928
alignn_ff,JVASP-1180,vacancy_formation_energy for JVASP-1180_In36N35_N__N,-1.490982455
chgnet,JVASP-1180,vacancy_formation_energy for JVASP-1180_In36N35_N__N,1.190202599
mace,JVASP-1180,vacancy_formation_energy for JVASP-1180_In36N35_N__N,1.010409774
sevennet,JVASP-1180,vacancy_formation_energy for JVASP-1180_In36N35_N__N,1.247357286
matgl,JVASP-1180,vacancy_formation_energy for JVASP-1180_In36N35_N__N,0.217854235
JARVIS,JVASP-1180,vacancy_formation_energy for JVASP-1180_In36N35_N__N,0.4608
alignn_ff,JVASP-1183,vacancy_formation_energy for JVASP-1183_In31P32_In__In,11.76436287
chgnet,JVASP-1183,vacancy_formation_energy for JVASP-1183_In31P32_In__In,1.338057453
mace,JVASP-1183,vacancy_formation_energy for JVASP-1183_In31P32_In__In,2.039618652
sevennet,JVASP-1183,vacancy_formation_energy for JVASP-1183_In31P32_In__In,2.41250756
matgl,JVASP-1183,vacancy_formation_energy for JVASP-1183_In31P32_In__In,0.928652962
alignn_ff,JVASP-1183,vacancy_formation_energy for JVASP-1183_In32P31_P__P,6.921763867
chgnet,JVASP-1183,vacancy_formation_energy for JVASP-1183_In32P31_P__P,0.718750453
mace,JVASP-1183,vacancy_formation_energy for JVASP-1183_In32P31_P__P,1.495819402
sevennet,JVASP-1183,vacancy_formation_energy for JVASP-1183_In32P31_P__P,1.69629106
matgl,JVASP-1183,vacancy_formation_energy for JVASP-1183_In32P31_P__P,0.739255212
sevennet,JVASP-1186,vacancy_formation_energy for JVASP-1186_In31As32_In__In,1.593904691
alignn_ff,JVASP-1186,vacancy_formation_energy for JVASP-1186_In31As32_In__In,1.517133104
chgnet,JVASP-1186,vacancy_formation_energy for JVASP-1186_In31As32_In__In,1.399743555
mace,JVASP-1186,vacancy_formation_energy for JVASP-1186_In31As32_In__In,1.244901362
matgl,JVASP-1186,vacancy_formation_energy for JVASP-1186_In31As32_In__In,0.898482927
sevennet,JVASP-1186,vacancy_formation_energy for JVASP-1186_In32As31_As__As,1.383869191
alignn_ff,JVASP-1186,vacancy_formation_energy for JVASP-1186_In32As31_As__As,2.053610104
chgnet,JVASP-1186,vacancy_formation_energy for JVASP-1186_In32As31_As__As,0.518413055
mace,JVASP-1186,vacancy_formation_energy for JVASP-1186_In32As31_As__As,1.292916862
matgl,JVASP-1186,vacancy_formation_energy for JVASP-1186_In32As31_As__As,0.802986927
alignn_ff,JVASP-1189,vacancy_formation_energy for JVASP-1189_In31Sb32_In__In,0.673637558
chgnet,JVASP-1189,vacancy_formation_energy for JVASP-1189_In31Sb32_In__In,0.638672541
mace,JVASP-1189,vacancy_formation_energy for JVASP-1189_In31Sb32_In__In,1.09222799
sevennet,JVASP-1189,vacancy_formation_energy for JVASP-1189_In31Sb32_In__In,1.031743872
matgl,JVASP-1189,vacancy_formation_energy for JVASP-1189_In31Sb32_In__In,0.970422992
alignn_ff,JVASP-1189,vacancy_formation_energy for JVASP-1189_In32Sb31_Sb__Sb,1.321320558
chgnet,JVASP-1189,vacancy_formation_energy for JVASP-1189_In32Sb31_Sb__Sb,0.327691041
mace,JVASP-1189,vacancy_formation_energy for JVASP-1189_In32Sb31_Sb__Sb,1.38514949
sevennet,JVASP-1189,vacancy_formation_energy for JVASP-1189_In32Sb31_Sb__Sb,1.444421372
matgl,JVASP-1189,vacancy_formation_energy for JVASP-1189_In32Sb31_Sb__Sb,0.703908492
alignn_ff,JVASP-1192,vacancy_formation_energy for JVASP-1192_Cd31Se32_Cd__Cd,1.204659574
chgnet,JVASP-1192,vacancy_formation_energy for JVASP-1192_Cd31Se32_Cd__Cd,1.35838839
mace,JVASP-1192,vacancy_formation_energy for JVASP-1192_Cd31Se32_Cd__Cd,1.893691315
sevennet,JVASP-1192,vacancy_formation_energy for JVASP-1192_Cd31Se32_Cd__Cd,2.382110256
matgl,JVASP-1192,vacancy_formation_energy for JVASP-1192_Cd31Se32_Cd__Cd,1.875799112
alignn_ff,JVASP-1192,vacancy_formation_energy for JVASP-1192_Cd32Se31_Se__Se,1.623699407
chgnet,JVASP-1192,vacancy_formation_energy for JVASP-1192_Cd32Se31_Se__Se,1.809568557
mace,JVASP-1192,vacancy_formation_energy for JVASP-1192_Cd32Se31_Se__Se,2.236500649
sevennet,JVASP-1192,vacancy_formation_energy for JVASP-1192_Cd32Se31_Se__Se,2.235738256
matgl,JVASP-1192,vacancy_formation_energy for JVASP-1192_Cd32Se31_Se__Se,0.949379779
alignn_ff,JVASP-1195,vacancy_formation_energy for JVASP-1195_Zn35O36_Zn__Zn,-2.121242577
chgnet,JVASP-1195,vacancy_formation_energy for JVASP-1195_Zn35O36_Zn__Zn,4.168473251
mace,JVASP-1195,vacancy_formation_energy for JVASP-1195_Zn35O36_Zn__Zn,3.911057923
sevennet,JVASP-1195,vacancy_formation_energy for JVASP-1195_Zn35O36_Zn__Zn,4.742175752
matgl,JVASP-1195,vacancy_formation_energy for JVASP-1195_Zn35O36_Zn__Zn,4.361729976
alignn_ff,JVASP-1195,vacancy_formation_energy for JVASP-1195_Zn36O35_O__O,-5.680337702
chgnet,JVASP-1195,vacancy_formation_energy for JVASP-1195_Zn36O35_O__O,5.052092501
mace,JVASP-1195,vacancy_formation_energy for JVASP-1195_Zn36O35_O__O,4.266270298
sevennet,JVASP-1195,vacancy_formation_energy for JVASP-1195_Zn36O35_O__O,4.444081252
matgl,JVASP-1195,vacancy_formation_energy for JVASP-1195_Zn36O35_O__O,3.569474726
alignn_ff,JVASP-1198,vacancy_formation_energy for JVASP-1198_Zn31Te32_Zn__Zn,-0.165177972
chgnet,JVASP-1198,vacancy_formation_energy for JVASP-1198_Zn31Te32_Zn__Zn,0.941161945
mace,JVASP-1198,vacancy_formation_energy for JVASP-1198_Zn31Te32_Zn__Zn,1.048026785
sevennet,JVASP-1198,vacancy_formation_energy for JVASP-1198_Zn31Te32_Zn__Zn,1.533432839
matgl,JVASP-1198,vacancy_formation_energy for JVASP-1198_Zn31Te32_Zn__Zn,0.756852249
alignn_ff,JVASP-1198,vacancy_formation_energy for JVASP-1198_Zn32Te31_Te__Te,0.646316528
chgnet,JVASP-1198,vacancy_formation_energy for JVASP-1198_Zn32Te31_Te__Te,1.398448445
mace,JVASP-1198,vacancy_formation_energy for JVASP-1198_Zn32Te31_Te__Te,2.222963785
sevennet,JVASP-1198,vacancy_formation_energy for JVASP-1198_Zn32Te31_Te__Te,1.854830006
matgl,JVASP-1198,vacancy_formation_energy for JVASP-1198_Zn32Te31_Te__Te,0.721177249
alignn_ff,JVASP-1201,vacancy_formation_energy for JVASP-1201_Cu31Cl32_Cu__Cu,2.2927841
chgnet,JVASP-1201,vacancy_formation_energy for JVASP-1201_Cu31Cl32_Cu__Cu,-0.758841927
mace,JVASP-1201,vacancy_formation_energy for JVASP-1201_Cu31Cl32_Cu__Cu,-0.568740022
sevennet,JVASP-1201,vacancy_formation_energy for JVASP-1201_Cu31Cl32_Cu__Cu,-1.019014828
matgl,JVASP-1201,vacancy_formation_energy for JVASP-1201_Cu31Cl32_Cu__Cu,-0.853491693
alignn_ff,JVASP-1201,vacancy_formation_energy for JVASP-1201_Cu32Cl31_Cl__Cl,4.46261585
chgnet,JVASP-1201,vacancy_formation_energy for JVASP-1201_Cu32Cl31_Cl__Cl,2.588404573
mace,JVASP-1201,vacancy_formation_energy for JVASP-1201_Cu32Cl31_Cl__Cl,2.071364228
sevennet,JVASP-1201,vacancy_formation_energy for JVASP-1201_Cu32Cl31_Cl__Cl,2.255496172
matgl,JVASP-1201,vacancy_formation_energy for JVASP-1201_Cu32Cl31_Cl__Cl,2.538204307
JARVIS,JVASP-1201,vacancy_formation_energy for JVASP-1201_Cu32Cl31_Cl__Cl,1.7806
chgnet,JVASP-1312,vacancy_formation_energy for JVASP-1312_B31P32_B__B,1.284106566
mace,JVASP-1312,vacancy_formation_energy for JVASP-1312_B31P32_B__B,1.132038224
sevennet,JVASP-1312,vacancy_formation_energy for JVASP-1312_B31P32_B__B,2.026131948
matgl,JVASP-1312,vacancy_formation_energy for JVASP-1312_B31P32_B__B,-0.226836242
JARVIS,JVASP-1312,vacancy_formation_energy for JVASP-1312_B31P32_B__B,3.2134
chgnet,JVASP-1312,vacancy_formation_energy for JVASP-1312_B32P31_P__P,1.923812316
mace,JVASP-1312,vacancy_formation_energy for JVASP-1312_B32P31_P__P,2.851267057
sevennet,JVASP-1312,vacancy_formation_energy for JVASP-1312_B32P31_P__P,4.002690782
matgl,JVASP-1312,vacancy_formation_energy for JVASP-1312_B32P31_P__P,0.401913091
JARVIS,JVASP-1312,vacancy_formation_energy for JVASP-1312_B32P31_P__P,4.7645
alignn_ff,JVASP-1327,vacancy_formation_energy for JVASP-1327_Al31P32_Al__Al,17.25338508
chgnet,JVASP-1327,vacancy_formation_energy for JVASP-1327_Al31P32_Al__Al,2.381172861
mace,JVASP-1327,vacancy_formation_energy for JVASP-1327_Al31P32_Al__Al,3.508335425
sevennet,JVASP-1327,vacancy_formation_energy for JVASP-1327_Al31P32_Al__Al,3.164140976
matgl,JVASP-1327,vacancy_formation_energy for JVASP-1327_Al31P32_Al__Al,3.276722255
JARVIS,JVASP-1327,vacancy_formation_energy for JVASP-1327_Al31P32_Al__Al,4.8409
alignn_ff,JVASP-1327,vacancy_formation_energy for JVASP-1327_Al32P31_P__P,17.07035508
chgnet,JVASP-1327,vacancy_formation_energy for JVASP-1327_Al32P31_P__P,2.477778861
mace,JVASP-1327,vacancy_formation_energy for JVASP-1327_Al32P31_P__P,2.131470175
sevennet,JVASP-1327,vacancy_formation_energy for JVASP-1327_Al32P31_P__P,3.991526476
matgl,JVASP-1327,vacancy_formation_energy for JVASP-1327_Al32P31_P__P,1.596413505
JARVIS,JVASP-1327,vacancy_formation_energy for JVASP-1327_Al32P31_P__P,3.9055
chgnet,JVASP-1372,vacancy_formation_energy for JVASP-1372_Al31As32_Al__Al,1.889872071
alignn_ff,JVASP-1372,vacancy_formation_energy for JVASP-1372_Al31As32_Al__Al,7.545038118
sevennet,JVASP-1372,vacancy_formation_energy for JVASP-1372_Al31As32_Al__Al,2.208911639
mace,JVASP-1372,vacancy_formation_energy for JVASP-1372_Al31As32_Al__Al,2.140744239
matgl,JVASP-1372,vacancy_formation_energy for JVASP-1372_Al31As32_Al__Al,2.036065757
chgnet,JVASP-1372,vacancy_formation_energy for JVASP-1372_Al32As31_As__As,1.934633571
alignn_ff,JVASP-1372,vacancy_formation_energy for JVASP-1372_Al32As31_As__As,10.39355912
sevennet,JVASP-1372,vacancy_formation_energy for JVASP-1372_Al32As31_As__As,3.530760139
mace,JVASP-1372,vacancy_formation_energy for JVASP-1372_Al32As31_As__As,2.649090739
matgl,JVASP-1372,vacancy_formation_energy for JVASP-1372_Al32As31_As__As,1.276867757
alignn_ff,JVASP-1393,vacancy_formation_energy for JVASP-1393_Ga31P32_Ga__Ga,8.466855059
chgnet,JVASP-1393,vacancy_formation_energy for JVASP-1393_Ga31P32_Ga__Ga,2.11505465
mace,JVASP-1393,vacancy_formation_energy for JVASP-1393_Ga31P32_Ga__Ga,2.511260644
sevennet,JVASP-1393,vacancy_formation_energy for JVASP-1393_Ga31P32_Ga__Ga,2.765557934
matgl,JVASP-1393,vacancy_formation_energy for JVASP-1393_Ga31P32_Ga__Ga,2.147038043
JARVIS,JVASP-1393,vacancy_formation_energy for JVASP-1393_Ga31P32_Ga__Ga,3.8053
alignn_ff,JVASP-1393,vacancy_formation_energy for JVASP-1393_Ga32P31_P__P,4.135744059
chgnet,JVASP-1393,vacancy_formation_energy for JVASP-1393_Ga32P31_P__P,0.8979399
mace,JVASP-1393,vacancy_formation_energy for JVASP-1393_Ga32P31_P__P,1.684401394
sevennet,JVASP-1393,vacancy_formation_energy for JVASP-1393_Ga32P31_P__P,2.449566934
matgl,JVASP-1393,vacancy_formation_energy for JVASP-1393_Ga32P31_P__P,1.446614543
JARVIS,JVASP-1393,vacancy_formation_energy for JVASP-1393_Ga32P31_P__P,2.5687
sevennet,JVASP-1408,vacancy_formation_energy for JVASP-1408_Al31Sb32_Al__Al,1.126205984
chgnet,JVASP-1408,vacancy_formation_energy for JVASP-1408_Al31Sb32_Al__Al,1.154399593
alignn_ff,JVASP-1408,vacancy_formation_energy for JVASP-1408_Al31Sb32_Al__Al,1.620165442
mace,JVASP-1408,vacancy_formation_energy for JVASP-1408_Al31Sb32_Al__Al,1.11319286
matgl,JVASP-1408,vacancy_formation_energy for JVASP-1408_Al31Sb32_Al__Al,1.088459747
sevennet,JVASP-1408,vacancy_formation_energy for JVASP-1408_Al32Sb31_Sb__Sb,2.755902484
chgnet,JVASP-1408,vacancy_formation_energy for JVASP-1408_Al32Sb31_Sb__Sb,1.531122093
alignn_ff,JVASP-1408,vacancy_formation_energy for JVASP-1408_Al32Sb31_Sb__Sb,3.746810442
mace,JVASP-1408,vacancy_formation_energy for JVASP-1408_Al32Sb31_Sb__Sb,2.15857436
matgl,JVASP-1408,vacancy_formation_energy for JVASP-1408_Al32Sb31_Sb__Sb,1.388285247
alignn_ff,JVASP-14812,vacancy_formation_energy for JVASP-14812_Sm_Sm__Sm,0.005864703
chgnet,JVASP-14812,vacancy_formation_energy for JVASP-14812_Sm_Sm__Sm,1.091018209
mace,JVASP-14812,vacancy_formation_energy for JVASP-14812_Sm_Sm__Sm,1.696358071
sevennet,JVASP-14812,vacancy_formation_energy for JVASP-14812_Sm_Sm__Sm,0.70276948
matgl,JVASP-14812,vacancy_formation_energy for JVASP-14812_Sm_Sm__Sm,0.449547549
JARVIS,JVASP-14812,vacancy_formation_energy for JVASP-14812_Sm_Sm__Sm,1.727
alignn_ff,JVASP-14837,vacancy_formation_energy for JVASP-14837_V_V__V,17.64251417
chgnet,JVASP-14837,vacancy_formation_energy for JVASP-14837_V_V__V,1.778176157
mace,JVASP-14837,vacancy_formation_energy for JVASP-14837_V_V__V,2.654171092
sevennet,JVASP-14837,vacancy_formation_energy for JVASP-14837_V_V__V,-0.900922931
matgl,JVASP-14837,vacancy_formation_energy for JVASP-14837_V_V__V,1.767973575
JARVIS,JVASP-14837,vacancy_formation_energy for JVASP-14837_V_V__V,2.3843
alignn_ff,JVASP-1702,vacancy_formation_energy for JVASP-1702_Zn31S32_Zn__Zn,5.138126485
chgnet,JVASP-1702,vacancy_formation_energy for JVASP-1702_Zn31S32_Zn__Zn,2.249763636
mace,JVASP-1702,vacancy_formation_energy for JVASP-1702_Zn31S32_Zn__Zn,2.246443307
sevennet,JVASP-1702,vacancy_formation_energy for JVASP-1702_Zn31S32_Zn__Zn,2.883477018
matgl,JVASP-1702,vacancy_formation_energy for JVASP-1702_Zn31S32_Zn__Zn,3.02687468
JARVIS,JVASP-1702,vacancy_formation_energy for JVASP-1702_Zn31S32_Zn__Zn,3.8868
alignn_ff,JVASP-1702,vacancy_formation_energy for JVASP-1702_Zn32S31_S__S,5.961969079
chgnet,JVASP-1702,vacancy_formation_energy for JVASP-1702_Zn32S31_S__S,3.470847386
mace,JVASP-1702,vacancy_formation_energy for JVASP-1702_Zn32S31_S__S,3.091750338
sevennet,JVASP-1702,vacancy_formation_energy for JVASP-1702_Zn32S31_S__S,3.401619455
matgl,JVASP-1702,vacancy_formation_energy for JVASP-1702_Zn32S31_S__S,1.598764742
JARVIS,JVASP-1702,vacancy_formation_energy for JVASP-1702_Zn32S31_S__S,3.7303
alignn_ff,JVASP-21195,vacancy_formation_energy for JVASP-21195_Mo_Mo__Mo,124.3169013
chgnet,JVASP-21195,vacancy_formation_energy for JVASP-21195_Mo_Mo__Mo,1.494769394
mace,JVASP-21195,vacancy_formation_energy for JVASP-21195_Mo_Mo__Mo,2.136448876
sevennet,JVASP-21195,vacancy_formation_energy for JVASP-21195_Mo_Mo__Mo,2.067596935
matgl,JVASP-21195,vacancy_formation_energy for JVASP-21195_Mo_Mo__Mo,2.01724052
JARVIS,JVASP-21195,vacancy_formation_energy for JVASP-21195_Mo_Mo__Mo,2.7208
alignn_ff,JVASP-23,vacancy_formation_energy for JVASP-23_Cd31Te32_Cd__Cd,0.501172443
chgnet,JVASP-23,vacancy_formation_energy for JVASP-23_Cd31Te32_Cd__Cd,0.56220333
mace,JVASP-23,vacancy_formation_energy for JVASP-23_Cd31Te32_Cd__Cd,1.077749314
sevennet,JVASP-23,vacancy_formation_energy for JVASP-23_Cd31Te32_Cd__Cd,1.455586445
matgl,JVASP-23,vacancy_formation_energy for JVASP-23_Cd31Te32_Cd__Cd,1.133114259
alignn_ff,JVASP-23,vacancy_formation_energy for JVASP-23_Cd32Te31_Te__Te,1.640954943
chgnet,JVASP-23,vacancy_formation_energy for JVASP-23_Cd32Te31_Te__Te,1.56797883
mace,JVASP-23,vacancy_formation_energy for JVASP-23_Cd32Te31_Te__Te,2.225126314
sevennet,JVASP-23,vacancy_formation_energy for JVASP-23_Cd32Te31_Te__Te,1.888591112
matgl,JVASP-23,vacancy_formation_energy for JVASP-23_Cd32Te31_Te__Te,0.976564259
alignn_ff,JVASP-30,vacancy_formation_energy for JVASP-30_Ga35N36_Ga__Ga,10.38199592
sevennet,JVASP-30,vacancy_formation_energy for JVASP-30_Ga35N36_Ga__Ga,6.290112505
mace,JVASP-30,vacancy_formation_energy for JVASP-30_Ga35N36_Ga__Ga,4.79387196
chgnet,JVASP-30,vacancy_formation_energy for JVASP-30_Ga35N36_Ga__Ga,4.345463707
matgl,JVASP-30,vacancy_formation_energy for JVASP-30_Ga35N36_Ga__Ga,7.125172509
JARVIS,JVASP-30,vacancy_formation_energy for JVASP-30_Ga35N36_Ga__Ga,6.6543
alignn_ff,JVASP-30,vacancy_formation_energy for JVASP-30_Ga36N35_N__N,6.709877919
sevennet,JVASP-30,vacancy_formation_energy for JVASP-30_Ga36N35_N__N,4.256228755
mace,JVASP-30,vacancy_formation_energy for JVASP-30_Ga36N35_N__N,3.75788046
chgnet,JVASP-30,vacancy_formation_energy for JVASP-30_Ga36N35_N__N,3.882192207
matgl,JVASP-30,vacancy_formation_energy for JVASP-30_Ga36N35_N__N,1.814486509
JARVIS,JVASP-30,vacancy_formation_energy for JVASP-30_Ga36N35_N__N,2.4366
alignn_ff,JVASP-32,vacancy_formation_energy for JVASP-32_Al47O72_Al__Al,8.968603511
chgnet,JVASP-32,vacancy_formation_energy for JVASP-32_Al47O72_Al__Al,8.439275778
mace,JVASP-32,vacancy_formation_energy for JVASP-32_Al47O72_Al__Al,9.154404256
sevennet,JVASP-32,vacancy_formation_energy for JVASP-32_Al47O72_Al__Al,10.01718209
matgl,JVASP-32,vacancy_formation_energy for JVASP-32_Al47O72_Al__Al,11.90439268
JARVIS,JVASP-32,vacancy_formation_energy for JVASP-32_Al47O72_Al__Al,11.8673
alignn_ff,JVASP-32,vacancy_formation_energy for JVASP-32_Al48O71_O__O,3.895136886
chgnet,JVASP-32,vacancy_formation_energy for JVASP-32_Al48O71_O__O,7.428357528
mace,JVASP-32,vacancy_formation_energy for JVASP-32_Al48O71_O__O,5.224486631
sevennet,JVASP-32,vacancy_formation_energy for JVASP-32_Al48O71_O__O,6.849265087
matgl,JVASP-32,vacancy_formation_energy for JVASP-32_Al48O71_O__O,4.232415427
JARVIS,JVASP-32,vacancy_formation_energy for JVASP-32_Al48O71_O__O,7.1956
chgnet,JVASP-34674,vacancy_formation_energy for JVASP-34674_Si31O64_Si__Si,15.1685742
alignn_ff,JVASP-34674,vacancy_formation_energy for JVASP-34674_Si31O64_Si__Si,6.468286564
mace,JVASP-34674,vacancy_formation_energy for JVASP-34674_Si31O64_Si__Si,15.26139842
sevennet,JVASP-34674,vacancy_formation_energy for JVASP-34674_Si31O64_Si__Si,15.84420785
matgl,JVASP-34674,vacancy_formation_energy for JVASP-34674_Si31O64_Si__Si,16.2199827
chgnet,JVASP-34674,vacancy_formation_energy for JVASP-34674_Si32O63_O__O,7.21874645
alignn_ff,JVASP-34674,vacancy_formation_energy for JVASP-34674_Si32O63_O__O,-1.221399561
mace,JVASP-34674,vacancy_formation_energy for JVASP-34674_Si32O63_O__O,5.732997298
sevennet,JVASP-34674,vacancy_formation_energy for JVASP-34674_Si32O63_O__O,5.550103852
matgl,JVASP-34674,vacancy_formation_energy for JVASP-34674_Si32O63_O__O,5.812015954
alignn_ff,JVASP-35106,vacancy_formation_energy for JVASP-35106_Al23Ga8N32_Al__Al,20.16501875
sevennet,JVASP-35106,vacancy_formation_energy for JVASP-35106_Al23Ga8N32_Al__Al,8.958404818
chgnet,JVASP-35106,vacancy_formation_energy for JVASP-35106_Al23Ga8N32_Al__Al,8.208760246
mace,JVASP-35106,vacancy_formation_energy for JVASP-35106_Al23Ga8N32_Al__Al,7.854206306
matgl,JVASP-35106,vacancy_formation_energy for JVASP-35106_Al23Ga8N32_Al__Al,9.827311634
alignn_ff,JVASP-35106,vacancy_formation_energy for JVASP-35106_Al24Ga7N32_Ga__Ga,17.93854475
sevennet,JVASP-35106,vacancy_formation_energy for JVASP-35106_Al24Ga7N32_Ga__Ga,7.334722318
chgnet,JVASP-35106,vacancy_formation_energy for JVASP-35106_Al24Ga7N32_Ga__Ga,6.482718996
mace,JVASP-35106,vacancy_formation_energy for JVASP-35106_Al24Ga7N32_Ga__Ga,5.937501306
matgl,JVASP-35106,vacancy_formation_energy for JVASP-35106_Al24Ga7N32_Ga__Ga,7.005476384
alignn_ff,JVASP-35106,vacancy_formation_energy for JVASP-35106_Al24Ga8N31_N__N,15.03855175
sevennet,JVASP-35106,vacancy_formation_energy for JVASP-35106_Al24Ga8N31_N__N,5.013057568
chgnet,JVASP-35106,vacancy_formation_energy for JVASP-35106_Al24Ga8N31_N__N,3.913139496
mace,JVASP-35106,vacancy_formation_energy for JVASP-35106_Al24Ga8N31_N__N,4.100027806
matgl,JVASP-35106,vacancy_formation_energy for JVASP-35106_Al24Ga8N31_N__N,3.418148384
alignn_ff,JVASP-39,vacancy_formation_energy for JVASP-39_Al35N36_Al__Al,15.54054458
mace,JVASP-39,vacancy_formation_energy for JVASP-39_Al35N36_Al__Al,7.85631865
chgnet,JVASP-39,vacancy_formation_energy for JVASP-39_Al35N36_Al__Al,7.878981272
sevennet,JVASP-39,vacancy_formation_energy for JVASP-39_Al35N36_Al__Al,9.006274254
matgl,JVASP-39,vacancy_formation_energy for JVASP-39_Al35N36_Al__Al,10.04957982
JARVIS,JVASP-39,vacancy_formation_energy for JVASP-39_Al35N36_Al__Al,8.5542
alignn_ff,JVASP-39,vacancy_formation_energy for JVASP-39_Al36N35_N__N,11.38767858
mace,JVASP-39,vacancy_formation_energy for JVASP-39_Al36N35_N__N,4.36904715
chgnet,JVASP-39,vacancy_formation_energy for JVASP-39_Al36N35_N__N,4.886715522
sevennet,JVASP-39,vacancy_formation_energy for JVASP-39_Al36N35_N__N,5.458755004
matgl,JVASP-39,vacancy_formation_energy for JVASP-39_Al36N35_N__N,3.35062157
chgnet,JVASP-41,vacancy_formation_energy for JVASP-41_Si23O48_Si__Si,15.17901833
alignn_ff,JVASP-41,vacancy_formation_energy for JVASP-41_Si23O48_Si__Si,10.9280513
mace,JVASP-41,vacancy_formation_energy for JVASP-41_Si23O48_Si__Si,15.20980249
sevennet,JVASP-41,vacancy_formation_energy for JVASP-41_Si23O48_Si__Si,16.20826357
matgl,JVASP-41,vacancy_formation_energy for JVASP-41_Si23O48_Si__Si,16.19557925
chgnet,JVASP-41,vacancy_formation_energy for JVASP-41_Si24O47_O__O,7.806423577
alignn_ff,JVASP-41,vacancy_formation_energy for JVASP-41_Si24O47_O__O,-3.360585829
mace,JVASP-41,vacancy_formation_energy for JVASP-41_Si24O47_O__O,5.669622361
sevennet,JVASP-41,vacancy_formation_energy for JVASP-41_Si24O47_O__O,5.55569957
matgl,JVASP-41,vacancy_formation_energy for JVASP-41_Si24O47_O__O,5.835097504
alignn_ff,JVASP-7630,vacancy_formation_energy for JVASP-7630_B31As32_B__B,5.276741962
chgnet,JVASP-7630,vacancy_formation_energy for JVASP-7630_B31As32_B__B,0.245941592
mace,JVASP-7630,vacancy_formation_energy for JVASP-7630_B31As32_B__B,0.797277319
sevennet,JVASP-7630,vacancy_formation_energy for JVASP-7630_B31As32_B__B,0.551079004
matgl,JVASP-7630,vacancy_formation_energy for JVASP-7630_B31As32_B__B,0.071925831
JARVIS,JVASP-7630,vacancy_formation_energy for JVASP-7630_B31As32_B__B,1.6016
alignn_ff,JVASP-7630,vacancy_formation_energy for JVASP-7630_B32As31_As__As,13.24417805
chgnet,JVASP-7630,vacancy_formation_energy for JVASP-7630_B32As31_As__As,3.061383842
mace,JVASP-7630,vacancy_formation_energy for JVASP-7630_B32As31_As__As,3.259168902
sevennet,JVASP-7630,vacancy_formation_energy for JVASP-7630_B32As31_As__As,4.002477838
matgl,JVASP-7630,vacancy_formation_energy for JVASP-7630_B32As31_As__As,1.246602914
JARVIS,JVASP-7630,vacancy_formation_energy for JVASP-7630_B32As31_As__As,4.5971
alignn_ff,JVASP-7762,vacancy_formation_energy for JVASP-7762_Mg31Te32_Mg__Mg,1.684876373
chgnet,JVASP-7762,vacancy_formation_energy for JVASP-7762_Mg31Te32_Mg__Mg,2.363542304
mace,JVASP-7762,vacancy_formation_energy for JVASP-7762_Mg31Te32_Mg__Mg,2.704229475
sevennet,JVASP-7762,vacancy_formation_energy for JVASP-7762_Mg31Te32_Mg__Mg,2.246328226
matgl,JVASP-7762,vacancy_formation_energy for JVASP-7762_Mg31Te32_Mg__Mg,1.950947076
alignn_ff,JVASP-7762,vacancy_formation_energy for JVASP-7762_Mg32Te31_Te__Te,2.513388373
chgnet,JVASP-7762,vacancy_formation_energy for JVASP-7762_Mg32Te31_Te__Te,1.932255304
mace,JVASP-7762,vacancy_formation_energy for JVASP-7762_Mg32Te31_Te__Te,2.504355975
sevennet,JVASP-7762,vacancy_formation_energy for JVASP-7762_Mg32Te31_Te__Te,3.394551393
matgl,JVASP-7762,vacancy_formation_energy for JVASP-7762_Mg32Te31_Te__Te,1.597756576
alignn_ff,JVASP-7844,vacancy_formation_energy for JVASP-7844_Al31N32_Al__Al,21.0755279
chgnet,JVASP-7844,vacancy_formation_energy for JVASP-7844_Al31N32_Al__Al,8.180652838
sevennet,JVASP-7844,vacancy_formation_energy for JVASP-7844_Al31N32_Al__Al,9.000510168
mace,JVASP-7844,vacancy_formation_energy for JVASP-7844_Al31N32_Al__Al,8.095520652
matgl,JVASP-7844,vacancy_formation_energy for JVASP-7844_Al31N32_Al__Al,9.601567151
JARVIS,JVASP-7844,vacancy_formation_energy for JVASP-7844_Al31N32_Al__Al,8.6388
alignn_ff,JVASP-7844,vacancy_formation_energy for JVASP-7844_Al32N31_N__N,17.4774739
chgnet,JVASP-7844,vacancy_formation_energy for JVASP-7844_Al32N31_N__N,4.514835088
sevennet,JVASP-7844,vacancy_formation_energy for JVASP-7844_Al32N31_N__N,5.320238918
mace,JVASP-7844,vacancy_formation_energy for JVASP-7844_Al32N31_N__N,4.304202152
matgl,JVASP-7844,vacancy_formation_energy for JVASP-7844_Al32N31_N__N,3.163961901
JARVIS,JVASP-7844,vacancy_formation_energy for JVASP-7844_Al32N31_N__N,5.5771
mace,JVASP-79204,vacancy_formation_energy for JVASP-79204_B63N64_B__B,7.611984374
sevennet,JVASP-79204,vacancy_formation_energy for JVASP-79204_B63N64_B__B,8.067614364
matgl,JVASP-79204,vacancy_formation_energy for JVASP-79204_B63N64_B__B,6.325929293
mace,JVASP-79204,vacancy_formation_energy for JVASP-79204_B64N63_N__N,2.515543958
sevennet,JVASP-79204,vacancy_formation_energy for JVASP-79204_B64N63_N__N,4.539659448
matgl,JVASP-79204,vacancy_formation_energy for JVASP-79204_B64N63_N__N,2.173242127
alignn_ff,JVASP-8003,vacancy_formation_energy for JVASP-8003_Cd31S32_Cd__Cd,5.632947364
chgnet,JVASP-8003,vacancy_formation_energy for JVASP-8003_Cd31S32_Cd__Cd,2.115359679
mace,JVASP-8003,vacancy_formation_energy for JVASP-8003_Cd31S32_Cd__Cd,2.257716094
sevennet,JVASP-8003,vacancy_formation_energy for JVASP-8003_Cd31S32_Cd__Cd,3.42189078
matgl,JVASP-8003,vacancy_formation_energy for JVASP-8003_Cd31S32_Cd__Cd,3.723402753
alignn_ff,JVASP-8003,vacancy_formation_energy for JVASP-8003_Cd32S31_S__S,4.491852958
chgnet,JVASP-8003,vacancy_formation_energy for JVASP-8003_Cd32S31_S__S,1.897377429
mace,JVASP-8003,vacancy_formation_energy for JVASP-8003_Cd32S31_S__S,2.271479125
sevennet,JVASP-8003,vacancy_formation_energy for JVASP-8003_Cd32S31_S__S,1.980184718
matgl,JVASP-8003,vacancy_formation_energy for JVASP-8003_Cd32S31_S__S,0.524621816
sevennet,JVASP-802,vacancy_formation_energy for JVASP-802_Hf_Hf__Hf,1.750614727
alignn_ff,JVASP-802,vacancy_formation_energy for JVASP-802_Hf_Hf__Hf,-1.333780306
chgnet,JVASP-802,vacancy_formation_energy for JVASP-802_Hf_Hf__Hf,1.074376976
mace,JVASP-802,vacancy_formation_energy for JVASP-802_Hf_Hf__Hf,2.290941048
matgl,JVASP-802,vacancy_formation_energy for JVASP-802_Hf_Hf__Hf,0.143674874
JARVIS,JVASP-802,vacancy_formation_energy for JVASP-802_Hf_Hf__Hf,2.1154
alignn_ff,JVASP-810,vacancy_formation_energy for JVASP-810_Ac_Ac__Ac,0.068363733
chgnet,JVASP-810,vacancy_formation_energy for JVASP-810_Ac_Ac__Ac,0.61973391
mace,JVASP-810,vacancy_formation_energy for JVASP-810_Ac_Ac__Ac,1.260693302
sevennet,JVASP-810,vacancy_formation_energy for JVASP-810_Ac_Ac__Ac,0.269084922
matgl,JVASP-810,vacancy_formation_energy for JVASP-810_Ac_Ac__Ac,0.272241377
JARVIS,JVASP-810,vacancy_formation_energy for JVASP-810_Ac_Ac__Ac,1.66
chgnet,JVASP-8118,vacancy_formation_energy for JVASP-8118_Si35C36_Si__Si,5.909989533
mace,JVASP-8118,vacancy_formation_energy for JVASP-8118_Si35C36_Si__Si,5.885963666
sevennet,JVASP-8118,vacancy_formation_energy for JVASP-8118_Si35C36_Si__Si,7.466310556
matgl,JVASP-8118,vacancy_formation_energy for JVASP-8118_Si35C36_Si__Si,5.403897523
chgnet,JVASP-8118,vacancy_formation_energy for JVASP-8118_Si36C35_C__C,2.193932033
mace,JVASP-8118,vacancy_formation_energy for JVASP-8118_Si36C35_C__C,2.270261916
sevennet,JVASP-8118,vacancy_formation_energy for JVASP-8118_Si36C35_C__C,3.172009306
matgl,JVASP-8118,vacancy_formation_energy for JVASP-8118_Si36C35_C__C,0.380695273
alignn_ff,JVASP-8158,vacancy_formation_energy for JVASP-8158_Si31C32_Si__Si,12.11999748
sevennet,JVASP-8158,vacancy_formation_energy for JVASP-8158_Si31C32_Si__Si,7.431187764
chgnet,JVASP-8158,vacancy_formation_energy for JVASP-8158_Si31C32_Si__Si,5.872098342
mace,JVASP-8158,vacancy_formation_energy for JVASP-8158_Si31C32_Si__Si,5.973957155
matgl,JVASP-8158,vacancy_formation_energy for JVASP-8158_Si31C32_Si__Si,4.682956883
JARVIS,JVASP-8158,vacancy_formation_energy for JVASP-8158_Si31C32_Si__Si,6.3529
alignn_ff,JVASP-8158,vacancy_formation_energy for JVASP-8158_Si32C31_C__C,8.793087728
sevennet,JVASP-8158,vacancy_formation_energy for JVASP-8158_Si32C31_C__C,2.949020514
chgnet,JVASP-8158,vacancy_formation_energy for JVASP-8158_Si32C31_C__C,1.923833842
mace,JVASP-8158,vacancy_formation_energy for JVASP-8158_Si32C31_C__C,2.244273405
matgl,JVASP-8158,vacancy_formation_energy for JVASP-8158_Si32C31_C__C,0.149989633
JARVIS,JVASP-8158,vacancy_formation_energy for JVASP-8158_Si32C31_C__C,3.5283
sevennet,JVASP-816,vacancy_formation_energy for JVASP-816_Al_Al__Al,0.65760906
chgnet,JVASP-816,vacancy_formation_energy for JVASP-816_Al_Al__Al,0.223880353
mace,JVASP-816,vacancy_formation_energy for JVASP-816_Al_Al__Al,0.519235712
alignn_ff,JVASP-816,vacancy_formation_energy for JVASP-816_Al_Al__Al,5.765093043
matgl,JVASP-816,vacancy_formation_energy for JVASP-816_Al_Al__Al,0.292523791
JARVIS,JVASP-816,vacancy_formation_energy for JVASP-816_Al_Al__Al,0.4434
sevennet,JVASP-8169,vacancy_formation_energy for JVASP-8169_Ga31N32_Ga__Ga,6.584627865
chgnet,JVASP-8169,vacancy_formation_energy for JVASP-8169_Ga31N32_Ga__Ga,4.65331035
mace,JVASP-8169,vacancy_formation_energy for JVASP-8169_Ga31N32_Ga__Ga,5.001551927
matgl,JVASP-8169,vacancy_formation_energy for JVASP-8169_Ga31N32_Ga__Ga,7.12227477
JARVIS,JVASP-8169,vacancy_formation_energy for JVASP-8169_Ga31N32_Ga__Ga,6.4218
sevennet,JVASP-8169,vacancy_formation_energy for JVASP-8169_Ga32N31_N__N,4.131097115
chgnet,JVASP-8169,vacancy_formation_energy for JVASP-8169_Ga32N31_N__N,3.66717785
mace,JVASP-8169,vacancy_formation_energy for JVASP-8169_Ga32N31_N__N,3.618881427
matgl,JVASP-8169,vacancy_formation_energy for JVASP-8169_Ga32N31_N__N,1.59411977
JARVIS,JVASP-8169,vacancy_formation_energy for JVASP-8169_Ga32N31_N__N,2.8716
alignn_ff,JVASP-819,vacancy_formation_energy for JVASP-819_Ar_Ar__Ar,0.25773089
chgnet,JVASP-819,vacancy_formation_energy for JVASP-819_Ar_Ar__Ar,0.806644191
mace,JVASP-819,vacancy_formation_energy for JVASP-819_Ar_Ar__Ar,0.076708771
sevennet,JVASP-819,vacancy_formation_energy for JVASP-819_Ar_Ar__Ar,0.9152318
matgl,JVASP-819,vacancy_formation_energy for JVASP-819_Ar_Ar__Ar,0.747434986
JARVIS,JVASP-819,vacancy_formation_energy for JVASP-819_Ar_Ar__Ar,0.1858
alignn_ff,JVASP-825,vacancy_formation_energy for JVASP-825_Au_Au__Au,-3.767504748
chgnet,JVASP-825,vacancy_formation_energy for JVASP-825_Au_Au__Au,0.35554053
mace,JVASP-825,vacancy_formation_energy for JVASP-825_Au_Au__Au,0.421094842
sevennet,JVASP-825,vacancy_formation_energy for JVASP-825_Au_Au__Au,0.268856401
matgl,JVASP-825,vacancy_formation_energy for JVASP-825_Au_Au__Au,0.281708359
JARVIS,JVASP-825,vacancy_formation_energy for JVASP-825_Au_Au__Au,0.4591
alignn_ff,JVASP-828,vacancy_formation_energy for JVASP-828_B_B__B,8.148390739
chgnet,JVASP-828,vacancy_formation_energy for JVASP-828_B_B__B,2.228753405
mace,JVASP-828,vacancy_formation_energy for JVASP-828_B_B__B,1.685599437
sevennet,JVASP-828,vacancy_formation_energy for JVASP-828_B_B__B,2.810296062
matgl,JVASP-828,vacancy_formation_energy for JVASP-828_B_B__B,1.658961058
JARVIS,JVASP-828,vacancy_formation_energy for JVASP-828_B_B__B,3.0083
alignn_ff,JVASP-837,vacancy_formation_energy for JVASP-837_Bi_Bi__Bi,0.929211808
chgnet,JVASP-837,vacancy_formation_energy for JVASP-837_Bi_Bi__Bi,0.489521407
mace,JVASP-837,vacancy_formation_energy for JVASP-837_Bi_Bi__Bi,0.543228849
sevennet,JVASP-837,vacancy_formation_energy for JVASP-837_Bi_Bi__Bi,0.742372763
matgl,JVASP-837,vacancy_formation_energy for JVASP-837_Bi_Bi__Bi,0.19112266
JARVIS,JVASP-837,vacancy_formation_energy for JVASP-837_Bi_Bi__Bi,1.4191
alignn_ff,JVASP-840,vacancy_formation_energy for JVASP-840_Br_Br__Br,1.252997263
chgnet,JVASP-840,vacancy_formation_energy for JVASP-840_Br_Br__Br,0.628916512
mace,JVASP-840,vacancy_formation_energy for JVASP-840_Br_Br__Br,2.359029067
sevennet,JVASP-840,vacancy_formation_energy for JVASP-840_Br_Br__Br,0.896611321
matgl,JVASP-840,vacancy_formation_energy for JVASP-840_Br_Br__Br,2.457246291
JARVIS,JVASP-840,vacancy_formation_energy for JVASP-840_Br_Br__Br,0.4742
alignn_ff,JVASP-858,vacancy_formation_energy for JVASP-858_Co_Co__Co,6.113759286
chgnet,JVASP-858,vacancy_formation_energy for JVASP-858_Co_Co__Co,1.382427268
mace,JVASP-858,vacancy_formation_energy for JVASP-858_Co_Co__Co,1.46221764
sevennet,JVASP-858,vacancy_formation_energy for JVASP-858_Co_Co__Co,1.431769833
matgl,JVASP-858,vacancy_formation_energy for JVASP-858_Co_Co__Co,1.293123135
JARVIS,JVASP-858,vacancy_formation_energy for JVASP-858_Co_Co__Co,2.0493
sevennet,JVASP-861,vacancy_formation_energy for JVASP-861_Cr_Cr__Cr,1.611552036
alignn_ff,JVASP-861,vacancy_formation_energy for JVASP-861_Cr_Cr__Cr,1.450019898
chgnet,JVASP-861,vacancy_formation_energy for JVASP-861_Cr_Cr__Cr,1.712962987
mace,JVASP-861,vacancy_formation_energy for JVASP-861_Cr_Cr__Cr,1.502344876
matgl,JVASP-861,vacancy_formation_energy for JVASP-861_Cr_Cr__Cr,1.889127425
JARVIS,JVASP-861,vacancy_formation_energy for JVASP-861_Cr_Cr__Cr,2.5954
sevennet,JVASP-867,vacancy_formation_energy for JVASP-867_Cu_Cu__Cu,1.039856345
chgnet,JVASP-867,vacancy_formation_energy for JVASP-867_Cu_Cu__Cu,0.603703024
mace,JVASP-867,vacancy_formation_energy for JVASP-867_Cu_Cu__Cu,1.021091067
alignn_ff,JVASP-867,vacancy_formation_energy for JVASP-867_Cu_Cu__Cu,-6.45081725
matgl,JVASP-867,vacancy_formation_energy for JVASP-867_Cu_Cu__Cu,0.585182239
JARVIS,JVASP-867,vacancy_formation_energy for JVASP-867_Cu_Cu__Cu,0.927
alignn_ff,JVASP-890,vacancy_formation_energy for JVASP-890_Ge_Ge__Ge,7.141084463
sevennet,JVASP-890,vacancy_formation_energy for JVASP-890_Ge_Ge__Ge,1.586831328
chgnet,JVASP-890,vacancy_formation_energy for JVASP-890_Ge_Ge__Ge,0.94857083
mace,JVASP-890,vacancy_formation_energy for JVASP-890_Ge_Ge__Ge,0.721220405
matgl,JVASP-890,vacancy_formation_energy for JVASP-890_Ge_Ge__Ge,1.020733689
JARVIS,JVASP-890,vacancy_formation_energy for JVASP-890_Ge_Ge__Ge,2.1415
alignn_ff,JVASP-895,vacancy_formation_energy for JVASP-895_I_I__I,0.783291762
chgnet,JVASP-895,vacancy_formation_energy for JVASP-895_I_I__I,1.914004735
mace,JVASP-895,vacancy_formation_energy for JVASP-895_I_I__I,1.625235638
sevennet,JVASP-895,vacancy_formation_energy for JVASP-895_I_I__I,1.246881374
matgl,JVASP-895,vacancy_formation_energy for JVASP-895_I_I__I,0.919147701
JARVIS,JVASP-895,vacancy_formation_energy for JVASP-895_I_I__I,0.5095
chgnet,JVASP-901,vacancy_formation_energy for JVASP-901_Ir_Ir__Ir,1.045038732
mace,JVASP-901,vacancy_formation_energy for JVASP-901_Ir_Ir__Ir,0.860173284
sevennet,JVASP-901,vacancy_formation_energy for JVASP-901_Ir_Ir__Ir,1.717547704
matgl,JVASP-901,vacancy_formation_energy for JVASP-901_Ir_Ir__Ir,0.91561076
JARVIS,JVASP-901,vacancy_formation_energy for JVASP-901_Ir_Ir__Ir,1.6211
sevennet,JVASP-91,vacancy_formation_energy for JVASP-91_C_C__C,5.545810904
matgl,JVASP-91,vacancy_formation_energy for JVASP-91_C_C__C,8.05053273
alignn_ff,JVASP-9147,vacancy_formation_energy for JVASP-9147_Hf31O64_Hf__Hf,24.84999451
chgnet,JVASP-9147,vacancy_formation_energy for JVASP-9147_Hf31O64_Hf__Hf,14.157191
mace,JVASP-9147,vacancy_formation_energy for JVASP-9147_Hf31O64_Hf__Hf,13.47934711
sevennet,JVASP-9147,vacancy_formation_energy for JVASP-9147_Hf31O64_Hf__Hf,15.75102566
matgl,JVASP-9147,vacancy_formation_energy for JVASP-9147_Hf31O64_Hf__Hf,10.82382614
alignn_ff,JVASP-9147,vacancy_formation_energy for JVASP-9147_Hf32O63_O__O,10.98788039
chgnet,JVASP-9147,vacancy_formation_energy for JVASP-9147_Hf32O63_O__O,5.111267251
mace,JVASP-9147,vacancy_formation_energy for JVASP-9147_Hf32O63_O__O,4.112161984
sevennet,JVASP-9147,vacancy_formation_energy for JVASP-9147_Hf32O63_O__O,5.665462164
matgl,JVASP-9147,vacancy_formation_energy for JVASP-9147_Hf32O63_O__O,5.682188893
chgnet,JVASP-919,vacancy_formation_energy for JVASP-919_Mg_Mg__Mg,0.380317384
mace,JVASP-919,vacancy_formation_energy for JVASP-919_Mg_Mg__Mg,0.768841976
sevennet,JVASP-919,vacancy_formation_energy for JVASP-919_Mg_Mg__Mg,0.640091958
matgl,JVASP-919,vacancy_formation_energy for JVASP-919_Mg_Mg__Mg,0.423831629
JARVIS,JVASP-919,vacancy_formation_energy for JVASP-919_Mg_Mg__Mg,0.6869
alignn_ff,JVASP-931,vacancy_formation_energy for JVASP-931_Na_Na__Na,-0.435956471
chgnet,JVASP-931,vacancy_formation_energy for JVASP-931_Na_Na__Na,0.209569362
mace,JVASP-931,vacancy_formation_energy for JVASP-931_Na_Na__Na,0.473807874
sevennet,JVASP-931,vacancy_formation_energy for JVASP-931_Na_Na__Na,0.243474324
matgl,JVASP-931,vacancy_formation_energy for JVASP-931_Na_Na__Na,0.16401572
JARVIS,JVASP-931,vacancy_formation_energy for JVASP-931_Na_Na__Na,0.3554
alignn_ff,JVASP-934,vacancy_formation_energy for JVASP-934_Nb_Nb__Nb,6.548804452
chgnet,JVASP-934,vacancy_formation_energy for JVASP-934_Nb_Nb__Nb,1.628840556
mace,JVASP-934,vacancy_formation_energy for JVASP-934_Nb_Nb__Nb,2.30702363
sevennet,JVASP-934,vacancy_formation_energy for JVASP-934_Nb_Nb__Nb,2.709496828
matgl,JVASP-934,vacancy_formation_energy for JVASP-934_Nb_Nb__Nb,1.442022349
JARVIS,JVASP-934,vacancy_formation_energy for JVASP-934_Nb_Nb__Nb,2.751
chgnet,JVASP-943,vacancy_formation_energy for JVASP-943_Ni_Ni__Ni,1.344796315
mace,JVASP-943,vacancy_formation_energy for JVASP-943_Ni_Ni__Ni,1.12555948
sevennet,JVASP-943,vacancy_formation_energy for JVASP-943_Ni_Ni__Ni,1.343605385
matgl,JVASP-943,vacancy_formation_energy for JVASP-943_Ni_Ni__Ni,1.32371768
JARVIS,JVASP-943,vacancy_formation_energy for JVASP-943_Ni_Ni__Ni,1.3905
alignn_ff,JVASP-95,vacancy_formation_energy for JVASP-95_Cd15S16_Cd__Cd,3.401494098
chgnet,JVASP-95,vacancy_formation_energy for JVASP-95_Cd15S16_Cd__Cd,2.258163097
mace,JVASP-95,vacancy_formation_energy for JVASP-95_Cd15S16_Cd__Cd,2.380449749
sevennet,JVASP-95,vacancy_formation_energy for JVASP-95_Cd15S16_Cd__Cd,3.505813701
matgl,JVASP-95,vacancy_formation_energy for JVASP-95_Cd15S16_Cd__Cd,3.610808388
alignn_ff,JVASP-95,vacancy_formation_energy for JVASP-95_Cd16S15_S__S,2.483995692
chgnet,JVASP-95,vacancy_formation_energy for JVASP-95_Cd16S15_S__S,1.993645847
mace,JVASP-95,vacancy_formation_energy for JVASP-95_Cd16S15_S__S,2.37720678
sevennet,JVASP-95,vacancy_formation_energy for JVASP-95_Cd16S15_S__S,2.390500638
matgl,JVASP-95,vacancy_formation_energy for JVASP-95_Cd16S15_S__S,0.67363245
JARVIS,JVASP-95,vacancy_formation_energy for JVASP-95_Cd16S15_S__S,2.4013
alignn_ff,JVASP-958,vacancy_formation_energy for JVASP-958_Pa_Pa__Pa,0.538800458
chgnet,JVASP-958,vacancy_formation_energy for JVASP-958_Pa_Pa__Pa,0.534445438
mace,JVASP-958,vacancy_formation_energy for JVASP-958_Pa_Pa__Pa,1.894928188
sevennet,JVASP-958,vacancy_formation_energy for JVASP-958_Pa_Pa__Pa,1.515206999
matgl,JVASP-958,vacancy_formation_energy for JVASP-958_Pa_Pa__Pa,0.356528622
JARVIS,JVASP-958,vacancy_formation_energy for JVASP-958_Pa_Pa__Pa,2.0034
alignn_ff,JVASP-96,vacancy_formation_energy for JVASP-96_Zn31Se32_Zn__Zn,3.693554373
chgnet,JVASP-96,vacancy_formation_energy for JVASP-96_Zn31Se32_Zn__Zn,2.820596077
mace,JVASP-96,vacancy_formation_energy for JVASP-96_Zn31Se32_Zn__Zn,1.928082286
sevennet,JVASP-96,vacancy_formation_energy for JVASP-96_Zn31Se32_Zn__Zn,2.143851892
matgl,JVASP-96,vacancy_formation_energy for JVASP-96_Zn31Se32_Zn__Zn,1.929198766
alignn_ff,JVASP-96,vacancy_formation_energy for JVASP-96_Zn32Se31_Se__Se,5.836281206
chgnet,JVASP-96,vacancy_formation_energy for JVASP-96_Zn32Se31_Se__Se,1.839999244
mace,JVASP-96,vacancy_formation_energy for JVASP-96_Zn32Se31_Se__Se,2.62153962
sevennet,JVASP-96,vacancy_formation_energy for JVASP-96_Zn32Se31_Se__Se,2.884865392
matgl,JVASP-96,vacancy_formation_energy for JVASP-96_Zn32Se31_Se__Se,1.510586432
alignn_ff,JVASP-963,vacancy_formation_energy for JVASP-963_Pd_Pd__Pd,31.10485788
chgnet,JVASP-963,vacancy_formation_energy for JVASP-963_Pd_Pd__Pd,0.878696767
mace,JVASP-963,vacancy_formation_energy for JVASP-963_Pd_Pd__Pd,1.259172304
sevennet,JVASP-963,vacancy_formation_energy for JVASP-963_Pd_Pd__Pd,0.926783058
matgl,JVASP-963,vacancy_formation_energy for JVASP-963_Pd_Pd__Pd,1.058374101
JARVIS,JVASP-963,vacancy_formation_energy for JVASP-963_Pd_Pd__Pd,1.3685
alignn_ff,JVASP-966,vacancy_formation_energy for JVASP-966_Pm_Pm__Pm,0.235212199
chgnet,JVASP-966,vacancy_formation_energy for JVASP-966_Pm_Pm__Pm,1.050979383
mace,JVASP-966,vacancy_formation_energy for JVASP-966_Pm_Pm__Pm,1.476695682
sevennet,JVASP-966,vacancy_formation_energy for JVASP-966_Pm_Pm__Pm,0.631074348
matgl,JVASP-966,vacancy_formation_energy for JVASP-966_Pm_Pm__Pm,0.47416724
JARVIS,JVASP-966,vacancy_formation_energy for JVASP-966_Pm_Pm__Pm,1.712
alignn_ff,JVASP-969,vacancy_formation_energy for JVASP-969_Pr_Pr__Pr,0.171389773
chgnet,JVASP-969,vacancy_formation_energy for JVASP-969_Pr_Pr__Pr,0.870045733
mace,JVASP-969,vacancy_formation_energy for JVASP-969_Pr_Pr__Pr,1.396038467
sevennet,JVASP-969,vacancy_formation_energy for JVASP-969_Pr_Pr__Pr,0.428236059
JARVIS,JVASP-969,vacancy_formation_energy for JVASP-969_Pr_Pr__Pr,1.6629
alignn_ff,JVASP-972,vacancy_formation_energy for JVASP-972_Pt_Pt__Pt,54.25396451
chgnet,JVASP-972,vacancy_formation_energy for JVASP-972_Pt_Pt__Pt,0.79593629
mace,JVASP-972,vacancy_formation_energy for JVASP-972_Pt_Pt__Pt,0.499204355
sevennet,JVASP-972,vacancy_formation_energy for JVASP-972_Pt_Pt__Pt,0.659143045
matgl,JVASP-972,vacancy_formation_energy for JVASP-972_Pt_Pt__Pt,0.696660607
JARVIS,JVASP-972,vacancy_formation_energy for JVASP-972_Pt_Pt__Pt,0.7668
alignn_ff,JVASP-981,vacancy_formation_energy for JVASP-981_Re_Re__Re,61.37851535
chgnet,JVASP-981,vacancy_formation_energy for JVASP-981_Re_Re__Re,1.250265308
mace,JVASP-981,vacancy_formation_energy for JVASP-981_Re_Re__Re,1.792492328
sevennet,JVASP-981,vacancy_formation_energy for JVASP-981_Re_Re__Re,1.749802714
matgl,JVASP-981,vacancy_formation_energy for JVASP-981_Re_Re__Re,1.31469308
JARVIS,JVASP-981,vacancy_formation_energy for JVASP-981_Re_Re__Re,3.3279
alignn_ff,JVASP-984,vacancy_formation_energy for JVASP-984_Rh_Rh__Rh,18.61027488
chgnet,JVASP-984,vacancy_formation_energy for JVASP-984_Rh_Rh__Rh,1.397441026
mace,JVASP-984,vacancy_formation_energy for JVASP-984_Rh_Rh__Rh,0.865329504
sevennet,JVASP-984,vacancy_formation_energy for JVASP-984_Rh_Rh__Rh,1.349911557
matgl,JVASP-984,vacancy_formation_energy for JVASP-984_Rh_Rh__Rh,1.729892617
JARVIS,JVASP-984,vacancy_formation_energy for JVASP-984_Rh_Rh__Rh,1.7995
alignn_ff,JVASP-993,vacancy_formation_energy for JVASP-993_Sb_Sb__Sb,0.743825954
chgnet,JVASP-993,vacancy_formation_energy for JVASP-993_Sb_Sb__Sb,0.38557882
mace,JVASP-993,vacancy_formation_energy for JVASP-993_Sb_Sb__Sb,0.691375621
sevennet,JVASP-993,vacancy_formation_energy for JVASP-993_Sb_Sb__Sb,0.92180541
matgl,JVASP-993,vacancy_formation_energy for JVASP-993_Sb_Sb__Sb,0.281191254
JARVIS,JVASP-993,vacancy_formation_energy for JVASP-993_Sb_Sb__Sb,1.3744